{
  "project_info": {
    "project_number": "542887460445",
    "firebase_url": "https://chat-dffa7.firebaseio.com",
    "project_id": "chat-dffa7",
    "storage_bucket": "chat-dffa7.appspot.com"
  },
  "client": [
    {
      "client_info": {
        "mobilesdk_app_id": "1:542887460445:android:db9f906e98b6eaafd397b4",
        "android_client_info": {
          "package_name": "com.example.chatapp"
        }
      },
      "oauth_client": [
        {
          "client_id": "542887460445-v02timpbn7qmr34bjqe2bjmst78o6dje.apps.googleusercontent.com",
          "client_type": 3
        }
      ],
      "api_key": [
        {
          "current_key": "AIzaSyCNmIVrcfE0MSCv2Cho8k7vAzgx73QatZA"
        }
      ],
      "services": {
        "appinvite_service": {
          "other_platform_oauth_client": [
            {
              "client_id": "542887460445-v02timpbn7qmr34bjqe2bjmst78o6dje.apps.googleusercontent.com",
              "client_type": 3
            }
          ]
        }
      }
    }
  ],
  "configuration_version": "1"
}